,Epochs,Current_State,Next_State,Reward,Epsilon_Boolean,Epsilon,Action,Current_Q_Value,Next_Q_Value,Reawrd_Plus_Next_Q_Value,Loss,Pit_Position,Goal_Position,Wall_Position,CurWeight[0],CurWeight[1],CurWeight[2],CurWeight[3],NextWeight[0],NextWeight[1],NextWeight[2],NextWeight[3],Step
0,131,3,3,-1,1,0.13333333333333086,0,-0.7666059732437134,0.38258659839630127,-0.6556720733642578,0.012306329794228077,1,0,5,-0.03773,-0.03773,-0.03773,-0.03773,-0.037654,-0.108119,0.096861,-0.030044,3382
1,131,3,3,-1,1,0.13333333333333086,3,0.13647250831127167,0.760972797870636,-0.31512451171875,0.20393988490104675,1,0,5,-0.037654,-0.037654,-0.037654,-0.037654,-0.037586,-0.108234,0.096841,-0.030133,3383
2,131,3,7,-1,0,0.13333333333333086,1,0.7546360492706299,1.9510467052459717,0.7559419870376587,1.705473437141336e-06,1,0,5,-0.037586,-0.037586,-0.037586,-0.037586,-0.037525,-0.108336,0.096822,-0.030213,3384
3,131,7,11,-1,0,0.13333333333333086,1,1.9623223543167114,3.93599534034729,2.542395830154419,0.33648523688316345,1,0,5,-0.037525,-0.037525,-0.037525,-0.037525,-0.037469,-0.108273,0.096805,-0.030285,3385
4,131,11,10,-1,0,0.13333333333333086,2,3.960439920425415,5.001872539520264,3.50168514251709,0.21045593917369843,1,0,5,-0.037469,-0.037469,-0.037469,-0.037469,-0.037419,-0.108216,0.096735,-0.03035,3386
5,131,10,9,-1,0,0.13333333333333086,2,4.991349697113037,6.265305519104004,4.638774871826172,0.1243090108036995,1,0,5,-0.037419,-0.037419,-0.037419,-0.037419,-0.037375,-0.108165,0.096629,-0.030408,3387
6,131,9,8,-1,0,0.13333333333333086,2,6.24762487411499,8.31476879119873,6.4832916259765625,0.05553881824016571,1,0,5,-0.037375,-0.037375,-0.037375,-0.037375,-0.037334,-0.108119,0.096562,-0.030461,3388
7,131,8,4,-1,0,0.13333333333333086,0,8.325154304504395,10.474467277526855,8.427020072937012,0.010376635007560253,1,0,5,-0.037334,-0.037334,-0.037334,-0.037334,-0.037289,-0.108077,0.096501,-0.030508,3389
8,131,4,0,10,0,0.13333333333333086,0,10.488761901855469,5.988265037536621,10.0,0.2388882040977478,1,0,5,-0.037289,-0.037289,-0.037289,-0.037289,-0.037291,-0.10804,0.096447,-0.030551,3390
9,132,3,7,-1,0,0.1266666666666642,1,1.0117439031600952,2.1387486457824707,0.9248737096786499,0.007546430453658104,1,0,5,-0.037291,-0.037291,-0.037291,-0.037291,-0.037292,-0.10803,0.096398,-0.030589,3391
10,132,7,11,-1,0,0.1266666666666642,1,2.1451001167297363,3.08459734916687,1.7761375904083252,0.1361333429813385,1,0,5,-0.037292,-0.037292,-0.037292,-0.037292,-0.037293,-0.10812,0.096354,-0.030624,3392
11,132,11,10,-1,0,0.1266666666666642,2,3.0575621128082275,5.02996826171875,3.5269713401794434,0.22034502029418945,1,0,5,-0.037293,-0.037293,-0.037293,-0.037293,-0.037294,-0.108201,0.096371,-0.030655,3393
12,132,10,9,-1,0,0.1266666666666642,2,5.031130313873291,6.188172817230225,4.569355487823486,0.2132359892129898,1,0,5,-0.037294,-0.037294,-0.037294,-0.037294,-0.037296,-0.108274,0.096331,-0.030683,3394
13,132,9,8,-1,0,0.1266666666666642,2,6.175802707672119,8.384346008300781,6.5459113121032715,0.13698038458824158,1,0,5,-0.037296,-0.037296,-0.037296,-0.037296,-0.037296,-0.108339,0.096339,-0.030708,3395
14,132,8,4,-1,0,0.1266666666666642,0,8.377896308898926,10.221092224121094,8.198983192443848,0.032009903341531754,1,0,5,-0.037296,-0.037296,-0.037296,-0.037296,-0.037313,-0.108398,0.096347,-0.030731,3396
15,132,4,0,10,0,0.1266666666666642,0,10.205775260925293,6.318165302276611,10.0,0.04234345629811287,1,0,5,-0.037313,-0.037313,-0.037313,-0.037313,-0.037345,-0.108452,0.096354,-0.030751,3397
16,133,3,7,-1,0,0.11999999999999754,1,0.9649290442466736,2.3406105041503906,1.1065495014190674,0.020056353881955147,1,0,5,-0.037345,-0.037345,-0.037345,-0.037345,-0.037375,-0.108461,0.09636,-0.03077,3398
17,133,7,11,-1,0,0.11999999999999754,1,2.3377649784088135,3.8567917346954346,2.4711124897003174,0.017781559377908707,1,0,5,-0.037375,-0.037375,-0.037375,-0.037375,-0.037401,-0.108434,0.096365,-0.030786,3399
18,133,11,10,-1,0,0.11999999999999754,2,3.8585877418518066,4.123876571655273,2.711488723754883,1.3158361911773682,1,0,5,-0.037401,-0.037401,-0.037401,-0.037401,-0.037425,-0.10841,0.096231,-0.030801,3400
19,133,10,9,-1,0,0.11999999999999754,2,4.052753925323486,6.142974376678467,4.528676986694336,0.22650276124477386,1,0,5,-0.037425,-0.037425,-0.037425,-0.037425,-0.037447,-0.108388,0.096168,-0.030815,3401
20,133,9,8,-1,0,0.11999999999999754,2,6.125187873840332,8.156497955322266,6.340847969055176,0.0465092770755291,1,0,5,-0.037447,-0.037447,-0.037447,-0.037447,-0.037466,-0.108368,0.096137,-0.030827,3402
21,133,8,4,-1,0,0.11999999999999754,0,8.141144752502441,10.110135078430176,8.09912109375,0.0017659879522398114,1,0,5,-0.037466,-0.037466,-0.037466,-0.037466,-0.037487,-0.10835,0.096109,-0.030838,3403
22,133,4,0,10,0,0.11999999999999754,0,10.094198226928711,5.548457622528076,10.0,0.008873306214809418,1,0,5,-0.037487,-0.037487,-0.037487,-0.037487,-0.037514,-0.108334,0.096085,-0.030848,3404
23,134,3,7,-1,0,0.11333333333333087,1,0.881980299949646,1.644447922706604,0.48000311851501465,0.16158565878868103,1,0,5,-0.037514,-0.037514,-0.037514,-0.037514,-0.037538,-0.108428,0.096062,-0.030856,3405
24,134,7,11,-1,0,0.11333333333333087,1,1.6172621250152588,3.427039384841919,2.0843353271484375,0.21815738081932068,1,0,5,-0.037538,-0.037538,-0.037538,-0.037538,-0.037561,-0.108386,0.096042,-0.030864,3406
25,134,11,10,-1,0,0.11333333333333087,2,3.402884006500244,4.323298931121826,2.8909690380096436,0.26205694675445557,1,0,5,-0.037561,-0.037561,-0.037561,-0.037561,-0.03758,-0.108349,0.095961,-0.030872,3407
26,134,10,14,-1,1,0.11333333333333087,1,2.5355093479156494,3.8009941577911377,2.4208946228027344,0.013136534951627254,1,0,5,-0.03758,-0.03758,-0.03758,-0.03758,-0.037598,-0.108346,0.095889,-0.030878,3408
27,134,14,15,-1,1,0.11333333333333087,3,2.398454189300537,2.809379816055298,1.5284416675567627,0.7569217681884766,1,0,5,-0.037598,-0.037598,-0.037598,-0.037598,-0.037614,-0.108344,0.095824,-0.031105,3409
28,134,15,14,-1,0,0.11333333333333087,2,2.746595859527588,3.814318895339966,2.432886838912964,0.09841334819793701,1,0,5,-0.037614,-0.037614,-0.037614,-0.037614,-0.037629,-0.108342,0.095726,-0.031309,3410
29,134,14,13,-1,0,0.11333333333333087,2,3.731382369995117,4.868775844573975,3.3818979263305664,0.12213937938213348,1,0,5,-0.037629,-0.037629,-0.037629,-0.037629,-0.037642,-0.10834,0.095596,-0.031493,3411
30,134,13,12,-1,0,0.11333333333333087,2,4.794465065002441,7.906996726989746,6.116296768188477,1.7472389936447144,1,0,5,-0.037642,-0.037642,-0.037642,-0.037642,-0.037654,-0.108338,0.09564,-0.031659,3412
31,134,12,8,-1,0,0.11333333333333087,0,7.894306182861328,7.77170991897583,5.9945387840271,3.6091160774230957,1,0,5,-0.037654,-0.037654,-0.037654,-0.037654,-0.03783,-0.108337,0.09568,-0.031808,3413
32,134,8,4,-1,0,0.11333333333333087,0,7.674134254455566,9.882390975952148,7.89415168762207,0.048407670110464096,1,0,5,-0.03783,-0.03783,-0.03783,-0.03783,-0.03797,-0.108335,0.095716,-0.031943,3414
33,134,4,0,10,0,0.11333333333333087,0,9.808280944824219,5.486871242523193,10.0,0.03675619512796402,1,0,5,-0.03797,-0.03797,-0.03797,-0.03797,-0.038079,-0.108334,0.095749,-0.032064,3415
34,135,3,7,-1,0,0.1066666666666642,1,0.5107167363166809,1.6701246500015259,0.5031121969223022,5.78290200792253e-05,1,0,5,-0.038079,-0.038079,-0.038079,-0.038079,-0.038177,-0.108335,0.095778,-0.032173,3416
35,135,7,11,-1,0,0.1066666666666642,1,1.6381946802139282,2.6952991485595703,1.4257690906524658,0.04512463137507439,1,0,5,-0.038177,-0.038177,-0.038177,-0.038177,-0.038266,-0.108394,0.095804,-0.032271,3417
36,135,11,10,-1,1,0.1066666666666642,2,2.6531193256378174,4.329257965087891,2.896332025527954,0.05915241688489914,1,0,5,-0.038266,-0.038266,-0.038266,-0.038266,-0.038345,-0.108446,0.095858,-0.032359,3418
37,135,10,9,-1,0,0.1066666666666642,2,4.316001892089844,6.1309661865234375,4.517869472503662,0.040750518441200256,1,0,5,-0.038345,-0.038345,-0.038345,-0.038345,-0.038417,-0.108494,0.095931,-0.032439,3419
38,135,9,8,-1,0,0.1066666666666642,2,6.131200313568115,7.515990257263184,5.76439094543457,0.1345491111278534,1,0,5,-0.038417,-0.038417,-0.038417,-0.038417,-0.038482,-0.108537,0.095951,-0.03251,3420
39,135,8,4,-1,0,0.1066666666666642,0,7.4797749519348145,9.589192390441895,7.63027286529541,0.022649621590971947,1,0,5,-0.038482,-0.038482,-0.038482,-0.038482,-0.038527,-0.108575,0.09597,-0.032575,3421
40,135,4,0,10,0,0.1066666666666642,0,9.56368637084961,5.040194511413574,10.0,0.19036957621574402,1,0,5,-0.038527,-0.038527,-0.038527,-0.038527,-0.038529,-0.10861,0.095986,-0.032633,3422
41,136,3,7,-1,0,0.09999999999999754,1,0.44592875242233276,1.1410092115402222,0.026908278465270996,0.17557816207408905,1,0,5,-0.038529,-0.038529,-0.038529,-0.038529,-0.038531,-0.108755,0.096002,-0.032685,3423
42,136,7,11,-1,0,0.09999999999999754,1,1.1060974597930908,2.7297263145446777,1.4567537307739258,0.12295982241630554,1,0,5,-0.038531,-0.038531,-0.038531,-0.038531,-0.038533,-0.108791,0.096015,-0.032732,3424
43,136,11,10,-1,0,0.09999999999999754,2,2.723984956741333,3.4377572536468506,2.0939815044403076,0.3969043493270874,1,0,5,-0.038533,-0.038533,-0.038533,-0.038533,-0.038534,-0.108822,0.09595,-0.032775,3425
44,136,10,9,-1,0,0.09999999999999754,2,3.398033380508423,5.824232578277588,4.241809368133545,0.7119579315185547,1,0,5,-0.038534,-0.038534,-0.038534,-0.038534,-0.038536,-0.108851,0.095995,-0.032813,3426
45,136,9,8,-1,0,0.09999999999999754,2,5.829713821411133,7.600753307342529,5.840677738189697,0.00012020747089991346,1,0,5,-0.038536,-0.038536,-0.038536,-0.038536,-0.038537,-0.108877,0.096037,-0.032847,3427
46,136,8,4,-1,0,0.09999999999999754,0,7.601222991943359,9.453815460205078,7.5084333419799805,0.008609918877482414,1,0,5,-0.038537,-0.038537,-0.038537,-0.038537,-0.038546,-0.1089,0.096074,-0.032878,3428
47,136,4,0,10,0,0.09999999999999754,0,9.451733589172363,5.003692626953125,10.0,0.30059605836868286,1,0,5,-0.038546,-0.038546,-0.038546,-0.038546,-0.038506,-0.108921,0.096108,-0.032906,3429
48,137,3,7,-1,0,0.09999999999999754,1,0.13979193568229675,1.6314003467559814,0.4682602882385254,0.10789145529270172,1,0,5,-0.038506,-0.038506,-0.038506,-0.038506,-0.03847,-0.10885,0.096139,-0.032931,3430
49,137,7,11,-1,0,0.09999999999999754,1,1.652543544769287,2.6174232959747314,1.3556809425354004,0.08812740445137024,1,0,5,-0.03847,-0.03847,-0.03847,-0.03847,-0.038438,-0.108867,0.096167,-0.032954,3431
50,137,11,10,-1,0,0.09999999999999754,2,2.622521162033081,3.749521493911743,2.3745691776275635,0.06148018687963486,1,0,5,-0.038438,-0.038438,-0.038438,-0.038438,-0.038409,-0.108883,0.096161,-0.032974,3432
51,137,10,9,-1,0,0.09999999999999754,2,3.753000497817993,5.942682266235352,4.348413944244385,0.3545171618461609,1,0,5,-0.038409,-0.038409,-0.038409,-0.038409,-0.038383,-0.108897,0.096229,-0.032992,3433
52,137,9,8,-1,0,0.09999999999999754,2,5.9601311683654785,7.1707353591918945,5.4536614418029785,0.2565115690231323,1,0,5,-0.038383,-0.038383,-0.038383,-0.038383,-0.038359,-0.108909,0.096228,-0.033009,3434
53,137,8,4,-1,0,0.09999999999999754,0,7.1807122230529785,9.475114822387695,7.5276031494140625,0.12033331394195557,1,0,5,-0.038359,-0.038359,-0.038359,-0.038359,-0.038307,-0.108921,0.096227,-0.033024,3435
54,137,4,0,10,0,0.09999999999999754,0,9.499871253967285,5.042834758758545,10.0,0.25012877583503723,1,0,5,-0.038307,-0.038307,-0.038307,-0.038307,-0.038216,-0.108931,0.096226,-0.033037,3436
55,138,3,7,-1,0,0.09999999999999754,1,-0.11650101840496063,1.4884406328201294,0.3395965099334717,0.20802496373653412,1,0,5,-0.038216,-0.038216,-0.038216,-0.038216,-0.038134,-0.108815,0.096225,-0.033049,3437
56,138,7,11,-1,0,0.09999999999999754,1,1.524634838104248,2.8158607482910156,1.5342745780944824,9.292458707932383e-05,1,0,5,-0.038134,-0.038134,-0.038134,-0.038134,-0.03806,-0.108708,0.096225,-0.03306,3438
57,138,11,10,-1,0,0.09999999999999754,2,2.8384175300598145,4.328592777252197,2.89573335647583,0.0032851039431989193,1,0,5,-0.03806,-0.03806,-0.03806,-0.03806,-0.037994,-0.108612,0.096231,-0.03307,3439
58,138,10,9,-1,0,0.09999999999999754,2,4.363255977630615,5.9853410720825195,4.386806964874268,0.0005546489846892655,1,0,5,-0.037994,-0.037994,-0.037994,-0.037994,-0.037934,-0.108525,0.09624,-0.033079,3440
59,138,9,8,-1,0,0.09999999999999754,2,5.997355937957764,7.818641185760498,6.036777019500732,0.0015540216118097305,1,0,5,-0.037934,-0.037934,-0.037934,-0.037934,-0.03788,-0.108447,0.096253,-0.033087,3441
60,138,8,4,-1,0,0.09999999999999754,0,7.8499016761779785,9.841955184936523,7.857759475708008,6.174501322675496e-05,1,0,5,-0.03788,-0.03788,-0.03788,-0.03788,-0.037831,-0.108377,0.096264,-0.033094,3442
61,138,4,0,10,0,0.09999999999999754,0,9.87205982208252,5.48780632019043,10.0,0.016368689015507698,1,0,5,-0.037831,-0.037831,-0.037831,-0.037831,-0.037775,-0.108314,0.096274,-0.0331,3443
62,139,3,7,-1,0,0.09999999999999754,1,0.8363654613494873,1.9411134719848633,0.747002124786377,0.007985806092619896,1,0,5,-0.037775,-0.037775,-0.037775,-0.037775,-0.037725,-0.108281,0.096284,-0.033106,3444
63,139,7,11,-1,0,0.09999999999999754,1,1.9572772979736328,2.7230823040008545,1.4507739543914795,0.25654563307762146,1,0,5,-0.037725,-0.037725,-0.037725,-0.037725,-0.03768,-0.108391,0.096292,-0.033111,3445
64,139,11,10,-1,0,0.09999999999999754,2,2.725391387939453,4.037377834320068,2.6336400508880615,0.008418307639658451,1,0,5,-0.03768,-0.03768,-0.03768,-0.03768,-0.037639,-0.108491,0.096288,-0.033116,3446
65,139,10,9,-1,0,0.09999999999999754,2,4.039904594421387,5.97437047958374,4.3769330978393555,0.11358821392059326,1,0,5,-0.037639,-0.037639,-0.037639,-0.037639,-0.037603,-0.10858,0.096327,-0.03312,3447
66,139,9,8,-1,0,0.09999999999999754,2,5.984221458435059,7.920925617218018,6.128832817077637,0.020912444218993187,1,0,5,-0.037603,-0.037603,-0.037603,-0.037603,-0.03757,-0.10866,0.096379,-0.033124,3448
67,139,8,4,-1,0,0.09999999999999754,0,7.9379377365112305,10.051239967346191,8.04611587524414,0.011702509596943855,1,0,5,-0.03757,-0.03757,-0.03757,-0.03757,-0.037531,-0.108733,0.096426,-0.033127,3449
68,139,4,0,10,0,0.09999999999999754,0,10.072957038879395,5.967228412628174,10.0,0.005322729703038931,1,0,5,-0.037531,-0.037531,-0.037531,-0.037531,-0.037502,-0.108798,0.096469,-0.03313,3450
69,140,3,7,-1,0,0.09999999999999754,1,0.5556872487068176,2.207383394241333,0.986644983291626,0.18572457134723663,1,0,5,-0.037502,-0.037502,-0.037502,-0.037502,-0.037476,-0.108738,0.096507,-0.033133,3451
70,140,7,11,-1,0,0.09999999999999754,1,2.2248592376708984,3.222804546356201,1.9005239009857178,0.10519341379404068,1,0,5,-0.037476,-0.037476,-0.037476,-0.037476,-0.037452,-0.108773,0.096542,-0.033136,3452
71,140,11,10,-1,0,0.09999999999999754,2,3.2367186546325684,4.793267250061035,3.3139405250549316,0.005963217467069626,1,0,5,-0.037452,-0.037452,-0.037452,-0.037452,-0.037431,-0.108805,0.096583,-0.033138,3453
72,140,10,9,-1,0,0.09999999999999754,2,4.813930034637451,6.254635334014893,4.629171848297119,0.03413558751344681,1,0,5,-0.037431,-0.037431,-0.037431,-0.037431,-0.037412,-0.108833,0.096596,-0.03314,3454
73,140,9,8,-1,0,0.09999999999999754,2,6.25932502746582,7.827454566955566,6.044708728790283,0.04606015607714653,1,0,5,-0.037412,-0.037412,-0.037412,-0.037412,-0.037395,-0.108859,0.096582,-0.033142,3455
74,140,8,4,-1,0,0.09999999999999754,0,7.833481788635254,10.050601959228516,8.045541763305664,0.044969432055950165,1,0,5,-0.037395,-0.037395,-0.037395,-0.037395,-0.037361,-0.108882,0.096569,-0.033143,3456
75,140,4,0,10,0,0.09999999999999754,0,10.064933776855469,6.012409210205078,10.0,0.004216395318508148,1,0,5,-0.037361,-0.037361,-0.037361,-0.037361,-0.037336,-0.108903,0.096557,-0.033145,3457
76,141,3,7,-1,0,0.09999999999999754,1,0.050978124141693115,2.0194835662841797,0.8175351619720459,0.5876097083091736,1,0,5,-0.037336,-0.037336,-0.037336,-0.037336,-0.037313,-0.10871,0.096547,-0.033146,3458
77,141,7,6,-1,0,0.09999999999999754,2,2.0401101112365723,2.1066737174987793,0.8960063457489014,1.3089734315872192,1,0,5,-0.037313,-0.037313,-0.037313,-0.037313,-0.037293,-0.108537,0.096394,-0.033147,3459
78,141,6,10,-1,0,0.09999999999999754,1,2.1128530502319336,4.756489276885986,3.2808403968811035,1.364194393157959,1,0,5,-0.037293,-0.037293,-0.037293,-0.037293,-0.037274,-0.108061,0.096257,-0.033148,3460
79,141,10,9,-1,0,0.09999999999999754,2,4.735560417175293,6.243213653564453,4.618892192840576,0.013611475005745888,1,0,5,-0.037274,-0.037274,-0.037274,-0.037274,-0.037258,-0.107632,0.096119,-0.033149,3461
80,141,9,8,-1,1,0.09999999999999754,2,6.2274394035339355,7.932351112365723,6.139115810394287,0.007801057305186987,1,0,5,-0.037258,-0.037258,-0.037258,-0.037258,-0.037243,-0.107246,0.095984,-0.03315,3462
81,141,8,8,-1,1,0.09999999999999754,2,6.355003833770752,8.040785789489746,6.2367072105407715,0.01399409119039774,1,0,5,-0.037243,-0.037243,-0.037243,-0.037243,-0.037229,-0.106898,0.095847,-0.033151,3463
82,141,8,12,-1,1,0.09999999999999754,1,5.050590515136719,7.538999557495117,5.785099506378174,0.5395034551620483,1,0,5,-0.037229,-0.037229,-0.037229,-0.037229,-0.037217,-0.106384,0.095724,-0.033152,3464
83,141,12,8,-1,0,0.09999999999999754,0,7.559959411621094,8.615217208862305,6.753695487976074,0.6500614881515503,1,0,5,-0.037217,-0.037217,-0.037217,-0.037217,-0.037279,-0.105922,0.095613,-0.033152,3465
84,141,8,4,-1,1,0.09999999999999754,0,8.598528861999512,10.189162254333496,8.170246124267578,0.18342609703540802,1,0,5,-0.037279,-0.037279,-0.037279,-0.037279,-0.037373,-0.105505,0.095513,-0.033153,3466
85,141,4,4,-1,1,0.09999999999999754,2,7.264520168304443,10.093689918518066,8.084321022033691,0.6720734238624573,1,0,5,-0.037373,-0.037373,-0.037373,-0.037373,-0.037457,-0.105129,0.095526,-0.033154,3467
86,141,4,0,10,0,0.09999999999999754,0,10.069928169250488,5.948633670806885,10.0,0.004889948759227991,1,0,5,-0.037457,-0.037457,-0.037457,-0.037457,-0.03754,-0.104791,0.095538,-0.033154,3468
87,142,3,7,-1,0,0.09999999999999754,1,1.0506703853607178,1.9359488487243652,0.7423539161682129,0.09505904465913773,1,0,5,-0.03754,-0.03754,-0.03754,-0.03754,-0.037614,-0.104572,0.095548,-0.033154,3469
88,142,7,11,-1,0,0.09999999999999754,1,1.9412062168121338,2.5432591438293457,1.288933277130127,0.42545998096466064,1,0,5,-0.037614,-0.037614,-0.037614,-0.037614,-0.03768,-0.104554,0.095557,-0.033155,3470
89,142,11,10,-1,0,0.09999999999999754,2,2.5137012004852295,3.848716974258423,2.4638452529907227,0.002485615434125066,1,0,5,-0.03768,-0.03768,-0.03768,-0.03768,-0.037741,-0.104538,0.09556,-0.033155,3471
90,142,10,9,-1,0,0.09999999999999754,2,3.818950653076172,5.9805588722229,4.382503032684326,0.31759127974510193,1,0,5,-0.037741,-0.037741,-0.037741,-0.037741,-0.037795,-0.104523,0.095632,-0.033155,3472
91,142,9,10,-1,1,0.09999999999999754,3,3.492161989212036,4.990996360778809,3.491896629333496,7.041586513878428e-08,1,0,5,-0.037795,-0.037795,-0.037795,-0.037795,-0.037844,-0.10451,0.095698,-0.033156,3473
92,142,10,9,-1,0,0.09999999999999754,2,5.002835273742676,5.802468776702881,4.222221851348877,0.6093572974205017,1,0,5,-0.037844,-0.037844,-0.037844,-0.037844,-0.037887,-0.104499,0.095659,-0.033156,3474
93,142,9,8,-1,0,0.09999999999999754,2,5.78557825088501,7.8640947341918945,6.0776848793029785,0.08532628417015076,1,0,5,-0.037887,-0.037887,-0.037887,-0.037887,-0.037927,-0.104488,0.09566,-0.033156,3475
94,142,8,4,-1,0,0.09999999999999754,0,7.84255838394165,9.898308753967285,7.908477783203125,0.004345367196947336,1,0,5,-0.037927,-0.037927,-0.037927,-0.037927,-0.037957,-0.104478,0.095662,-0.033157,3476
95,142,4,0,10,0,0.09999999999999754,0,9.883123397827148,6.431372165679932,10.0,0.013660140335559845,1,0,5,-0.037957,-0.037957,-0.037957,-0.037957,-0.037973,-0.10447,0.095663,-0.033157,3477
96,143,3,7,-1,0,0.09999999999999754,1,1.378411889076233,2.5776829719543457,1.3199145793914795,0.0034219352528452873,1,0,5,-0.037973,-0.037973,-0.037973,-0.037973,-0.037987,-0.104478,0.095664,-0.033157,3478
97,143,7,11,-1,0,0.09999999999999754,1,2.5610358715057373,2.741894483566284,1.4677050113677979,1.1953723430633545,1,0,5,-0.037987,-0.037987,-0.037987,-0.037987,-0.038,-0.104786,0.095665,-0.033157,3479
98,143,11,10,-1,0,0.09999999999999754,2,2.70278000831604,3.729344367980957,2.356409788131714,0.11997232586145401,1,0,5,-0.038,-0.038,-0.038,-0.038,-0.038012,-0.105064,0.095622,-0.033157,3480
99,143,10,9,-1,0,0.09999999999999754,2,3.6730806827545166,5.903434753417969,4.313091278076172,0.40961354970932007,1,0,5,-0.038012,-0.038012,-0.038012,-0.038012,-0.038023,-0.105314,0.095664,-0.033158,3481
100,143,9,8,-1,1,0.09999999999999754,2,5.901122570037842,7.765993595123291,5.989394187927246,0.007791878655552864,1,0,5,-0.038023,-0.038023,-0.038023,-0.038023,-0.038032,-0.105539,0.095713,-0.033158,3482
101,143,8,4,-1,0,0.09999999999999754,0,7.751940727233887,9.821599960327148,7.839439392089844,0.0076560163870453835,1,0,5,-0.038032,-0.038032,-0.038032,-0.038032,-0.038033,-0.105741,0.095758,-0.033158,3483
102,143,4,0,10,0,0.09999999999999754,0,9.815747261047363,5.14857816696167,10.0,0.033949073404073715,1,0,5,-0.038033,-0.038033,-0.038033,-0.038033,-0.038017,-0.105923,0.095797,-0.033158,3484
103,144,3,7,-1,0,0.09999999999999754,1,0.7628817558288574,0.964321494102478,-0.13211065530776978,0.8010114431381226,1,0,5,-0.038017,-0.038017,-0.038017,-0.038017,-0.038002,-0.106333,0.095833,-0.033158,3485
104,144,7,11,-1,0,0.09999999999999754,1,0.8824032545089722,2.3440845012664795,1.1096758842468262,0.05165284872055054,1,0,5,-0.038002,-0.038002,-0.038002,-0.038002,-0.037989,-0.10664,0.095866,-0.033158,3486
105,144,11,10,-1,0,0.09999999999999754,2,2.322312831878662,3.8935229778289795,2.5041706562042236,0.03307226672768593,1,0,5,-0.037989,-0.037989,-0.037989,-0.037989,-0.037978,-0.106915,0.095918,-0.033158,3487
106,144,10,9,-1,0,0.09999999999999754,2,3.891707420349121,5.809960842132568,4.228964805603027,0.11374254524707794,1,0,5,-0.037978,-0.037978,-0.037978,-0.037978,-0.037967,-0.107164,0.096007,-0.033158,3488
107,144,9,8,-1,0,0.09999999999999754,2,5.8212432861328125,8.070950508117676,6.263855457305908,0.19590553641319275,1,0,5,-0.037967,-0.037967,-0.037967,-0.037967,-0.037958,-0.107388,0.096144,-0.033158,3489
108,144,8,4,-1,0,0.09999999999999754,0,8.076358795166016,9.896723747253418,7.907051086425781,0.028665101155638695,1,0,5,-0.037958,-0.037958,-0.037958,-0.037958,-0.037964,-0.107589,0.096267,-0.033158,3490
109,144,4,0,10,0,0.09999999999999754,0,9.896553993225098,5.325813293457031,10.0,0.010701076127588749,1,0,5,-0.037964,-0.037964,-0.037964,-0.037964,-0.037961,-0.10777,0.096377,-0.033158,3491
110,145,3,7,-1,0,0.09999999999999754,1,0.27176767587661743,0.8419607281684875,-0.24223536252975464,0.2641991376876831,1,0,5,-0.037961,-0.037961,-0.037961,-0.037961,-0.037958,-0.108075,0.096477,-0.033158,3492
111,145,7,7,-1,1,0.09999999999999754,3,0.10049983859062195,1.499577522277832,0.3496197462081909,0.062060728669166565,1,0,5,-0.037958,-0.037958,-0.037958,-0.037958,-0.037956,-0.10835,0.096567,-0.033092,3493
112,145,7,11,-1,0,0.09999999999999754,1,1.4671825170516968,2.513496160507202,1.2621464729309082,0.04203977808356285,1,0,5,-0.037956,-0.037956,-0.037956,-0.037956,-0.037953,-0.108653,0.096648,-0.033033,3494
113,145,11,10,-1,0,0.09999999999999754,2,2.519993543624878,4.25885534286499,2.8329696655273438,0.09795404970645905,1,0,5,-0.037953,-0.037953,-0.037953,-0.037953,-0.037951,-0.108927,0.09676,-0.032979,3495
114,145,10,9,-1,0,0.09999999999999754,2,4.287894248962402,6.083627700805664,4.475264549255371,0.035107631236314774,1,0,5,-0.037951,-0.037951,-0.037951,-0.037951,-0.037949,-0.109173,0.096885,-0.032931,3496
115,145,9,8,-1,1,0.09999999999999754,2,6.105372428894043,7.8729681968688965,6.085671424865723,0.0003881295560859144,1,0,5,-0.037949,-0.037949,-0.037949,-0.037949,-0.037947,-0.109394,0.096996,-0.032888,3497
116,145,8,4,-1,0,0.09999999999999754,0,7.875419616699219,9.838567733764648,7.854710578918457,0.00042886423761956394,1,0,5,-0.037947,-0.037947,-0.037947,-0.037947,-0.037948,-0.109594,0.097095,-0.032849,3498
117,145,4,0,10,0,0.09999999999999754,0,9.840658187866211,5.400870323181152,10.0,0.025389812886714935,1,0,5,-0.037948,-0.037948,-0.037948,-0.037948,-0.037933,-0.109774,0.097184,-0.032813,3499
118,146,3,7,-1,0,0.09999999999999754,1,-0.32177674770355225,1.1306437253952026,0.017579317092895508,0.11516253650188446,1,0,5,-0.037933,-0.037933,-0.037933,-0.037933,-0.037921,-0.109842,0.097265,-0.032782,3500
119,146,7,6,-1,0,0.09999999999999754,2,1.144407868385315,2.1125285625457764,0.901275634765625,0.0591132827103138,1,0,5,-0.037921,-0.037921,-0.037921,-0.037921,-0.037909,-0.109903,0.097306,-0.032753,3501
120,146,6,10,-1,0,0.09999999999999754,1,2.111123561859131,4.499172210693359,3.049254894256592,0.8800904154777527,1,0,5,-0.037909,-0.037909,-0.037909,-0.037909,-0.037899,-0.109699,0.097343,-0.032727,3502
121,146,10,6,-1,1,0.09999999999999754,0,2.2883729934692383,1.7041739225387573,0.5337564945220947,3.078679084777832,1,0,5,-0.037899,-0.037899,-0.037899,-0.037899,-0.03805,-0.109516,0.097377,-0.032704,3503
122,146,6,10,-1,0,0.09999999999999754,1,1.6880186796188354,4.801835536956787,3.3216519355773926,2.668757677078247,1,0,5,-0.03805,-0.03805,-0.03805,-0.03805,-0.038185,-0.108906,0.097407,-0.032683,3504
123,146,10,14,-1,1,0.09999999999999754,1,2.5038554668426514,3.2522740364074707,1.927046537399292,0.33270853757858276,1,0,5,-0.038185,-0.038185,-0.038185,-0.038185,-0.038308,-0.108514,0.097435,-0.032665,3505
124,146,14,13,-1,0,0.09999999999999754,2,3.2432987689971924,5.23857307434082,3.7147154808044434,0.22223371267318726,1,0,5,-0.038308,-0.038308,-0.038308,-0.038308,-0.038418,-0.108162,0.097519,-0.032648,3506
125,146,13,14,-1,1,0.09999999999999754,3,2.933048963546753,3.515617609024048,2.164055824279785,0.5913504362106323,1,0,5,-0.038418,-0.038418,-0.038418,-0.038418,-0.038517,-0.107845,0.097595,-0.032838,3507
126,146,14,13,-1,0,0.09999999999999754,2,3.5307328701019287,5.631259918212891,4.06813383102417,0.28879979252815247,1,0,5,-0.038517,-0.038517,-0.038517,-0.038517,-0.038607,-0.10756,0.097733,-0.033009,3508
127,146,13,12,-1,0,0.09999999999999754,2,5.658633232116699,6.136577606201172,4.522919654846191,1.28984534740448,1,0,5,-0.038607,-0.038607,-0.038607,-0.038607,-0.038687,-0.107303,0.097711,-0.033163,3509
128,146,12,8,-1,0,0.09999999999999754,0,6.094359397888184,7.685389995574951,5.916851043701172,0.031509216874837875,1,0,5,-0.038687,-0.038687,-0.038687,-0.038687,-0.038776,-0.107071,0.097692,-0.033301,3510
129,146,8,4,-1,0,0.09999999999999754,0,7.646915435791016,9.782646179199219,7.804381370544434,0.024795521050691605,1,0,5,-0.038776,-0.038776,-0.038776,-0.038776,-0.038841,-0.106863,0.097675,-0.033426,3511
130,146,4,0,10,0,0.09999999999999754,0,9.7579984664917,5.370232105255127,10.0,0.05856474116444588,1,0,5,-0.038841,-0.038841,-0.038841,-0.038841,-0.038878,-0.106675,0.097659,-0.033539,3512
131,147,3,7,-1,0,0.09999999999999754,1,-0.39390283823013306,1.2681944370269775,0.14137494564056396,0.2865222990512848,1,0,5,-0.038878,-0.038878,-0.038878,-0.038878,-0.038911,-0.10636,0.097645,-0.03364,3513
132,147,7,6,-1,1,0.09999999999999754,2,1.0633876323699951,2.088418960571289,0.8795770406723022,0.033786334097385406,1,0,5,-0.038911,-0.038911,-0.038911,-0.038911,-0.038941,-0.106075,0.097609,-0.033731,3514
133,147,6,10,-1,0,0.09999999999999754,1,2.1166505813598633,4.215249061584473,2.7937240600585938,0.4584285020828247,1,0,5,-0.038941,-0.038941,-0.038941,-0.038941,-0.038968,-0.105635,0.097576,-0.033813,3515
134,147,10,9,-1,0,0.09999999999999754,2,4.211817264556885,6.238316059112549,4.6144843101501465,0.16214075684547424,1,0,5,-0.038968,-0.038968,-0.038968,-0.038968,-0.038992,-0.105238,0.097598,-0.033887,3516
135,147,9,8,-1,0,0.09999999999999754,2,6.251131534576416,7.527972221374512,5.775174617767334,0.22653499245643616,1,0,5,-0.038992,-0.038992,-0.038992,-0.038992,-0.039014,-0.104881,0.097557,-0.033954,3517
136,147,8,4,-1,0,0.09999999999999754,0,7.533161163330078,9.408891677856445,7.4680023193359375,0.004245675168931484,1,0,5,-0.039014,-0.039014,-0.039014,-0.039014,-0.039039,-0.104559,0.09752,-0.034014,3518
137,147,4,0,10,0,0.09999999999999754,0,9.410139083862305,5.31385612487793,10.0,0.34793591499328613,1,0,5,-0.039039,-0.039039,-0.039039,-0.039039,-0.039008,-0.104269,0.097487,-0.034067,3519
138,148,3,7,-1,0,0.09999999999999754,1,0.5346212983131409,1.3416361808776855,0.207472562789917,0.10702629387378693,1,0,5,-0.039008,-0.039008,-0.039008,-0.039008,-0.03898,-0.104098,0.097457,-0.034116,3520
139,148,7,11,-1,0,0.09999999999999754,1,1.3651090860366821,2.896894931793213,1.6072053909301758,0.058610621839761734,1,0,5,-0.03898,-0.03898,-0.03898,-0.03898,-0.038954,-0.103878,0.09743,-0.03416,3521
140,148,11,10,-1,0,0.09999999999999754,2,2.909193277359009,4.530673027038574,3.077605724334717,0.028362752869725227,1,0,5,-0.038954,-0.038954,-0.038954,-0.038954,-0.038932,-0.10368,0.097428,-0.034199,3522
141,148,10,6,-1,1,0.09999999999999754,0,1.6339821815490723,2.6990203857421875,1.4291183948516846,0.0419691726565361,1,0,5,-0.038932,-0.038932,-0.038932,-0.038932,-0.03893,-0.103501,0.097425,-0.034235,3523
142,148,6,10,-1,0,0.09999999999999754,1,2.726590394973755,4.276295185089111,2.848665475845337,0.014902325347065926,1,0,5,-0.03893,-0.03893,-0.03893,-0.03893,-0.038928,-0.103307,0.097423,-0.034267,3524
143,148,10,9,-1,0,0.09999999999999754,2,4.283290386199951,6.189441680908203,4.570497512817383,0.08248793333768845,1,0,5,-0.038928,-0.038928,-0.038928,-0.038928,-0.038927,-0.103131,0.097458,-0.034295,3525
144,148,9,8,-1,0,0.09999999999999754,2,6.201983451843262,7.725648403167725,5.953083515167236,0.061951179057359695,1,0,5,-0.038927,-0.038927,-0.038927,-0.038927,-0.038926,-0.102974,0.097458,-0.034321,3526
145,148,8,4,-1,0,0.09999999999999754,0,7.7355055809021,9.74274730682373,7.768472671508789,0.0010868291137740016,1,0,5,-0.038926,-0.038926,-0.038926,-0.038926,-0.038922,-0.102832,0.097457,-0.034345,3527
146,148,4,0,10,0,0.09999999999999754,0,9.754472732543945,5.222837924957275,10.0,0.060283638536930084,1,0,5,-0.038922,-0.038922,-0.038922,-0.038922,-0.038895,-0.102704,0.097457,-0.034366,3528
147,149,3,7,-1,0,0.09999999999999754,1,0.4686024785041809,1.2882883548736572,0.15945947170257568,0.09556940197944641,1,0,5,-0.038895,-0.038895,-0.038895,-0.038895,-0.038871,-0.102674,0.097456,-0.034385,3529
148,149,7,6,-1,1,0.09999999999999754,2,0.5297367572784424,2.620556116104126,1.3585004806518555,0.6868492960929871,1,0,5,-0.038871,-0.038871,-0.038871,-0.038871,-0.03885,-0.102647,0.097563,-0.034402,3530
149,149,6,10,-1,0,0.09999999999999754,1,2.6497902870178223,4.55021858215332,3.0951967239379883,0.19838689267635345,1,0,5,-0.03885,-0.03885,-0.03885,-0.03885,-0.038831,-0.1025,0.097659,-0.034417,3531
150,149,10,9,-1,0,0.09999999999999754,2,4.608381748199463,6.203545093536377,4.583190441131592,0.0006346019799821079,1,0,5,-0.038831,-0.038831,-0.038831,-0.038831,-0.038813,-0.102368,0.097742,-0.034431,3532
151,149,9,8,-1,0,0.09999999999999754,2,6.229708194732666,7.723736763000488,5.9513630867004395,0.07747600227594376,1,0,5,-0.038813,-0.038813,-0.038813,-0.038813,-0.038798,-0.102249,0.097781,-0.034443,3533
152,149,8,4,-1,0,0.09999999999999754,0,7.74458646774292,9.904206275939941,7.913784980773926,0.028628136962652206,1,0,5,-0.038798,-0.038798,-0.038798,-0.038798,-0.038768,-0.102141,0.097816,-0.034454,3534
153,149,4,0,10,0,0.09999999999999754,0,9.931476593017578,5.863259315490723,10.0,0.00469545740634203,1,0,5,-0.038768,-0.038768,-0.038768,-0.038768,-0.038735,-0.102045,0.097847,-0.034465,3535
154,150,3,7,-1,0,0.09999999999999754,1,1.187745451927185,1.8996553421020508,0.709689736366272,0.22853726148605347,1,0,5,-0.038735,-0.038735,-0.038735,-0.038735,-0.038705,-0.10209,0.097876,-0.034474,3536
155,150,7,11,-1,0,0.09999999999999754,1,1.905793309211731,3.5395822525024414,2.18562388420105,0.07830514758825302,1,0,5,-0.038705,-0.038705,-0.038705,-0.038705,-0.038678,-0.102053,0.097901,-0.034482,3537
156,150,11,15,-1,1,0.09999999999999754,1,2.495041608810425,3.1210291385650635,1.8089261054992676,0.470754474401474,1,0,5,-0.038678,-0.038678,-0.038678,-0.038678,-0.038654,-0.102209,0.097924,-0.034489,3538
157,150,15,14,-1,0,0.09999999999999754,2,3.1324222087860107,4.498955249786377,3.0490593910217285,0.006949359551072121,1,0,5,-0.038654,-0.038654,-0.038654,-0.038654,-0.038632,-0.10235,0.097934,-0.034496,3539
158,150,14,13,-1,0,0.09999999999999754,2,4.502070903778076,5.502131938934326,3.951918601989746,0.3026675581932068,1,0,5,-0.038632,-0.038632,-0.038632,-0.038632,-0.038612,-0.102476,0.097872,-0.034502,3540
159,150,13,12,-1,0,0.09999999999999754,2,5.4731974601745605,7.252664089202881,5.527397632598877,0.002937658689916134,1,0,5,-0.038612,-0.038612,-0.038612,-0.038612,-0.038594,-0.10259,0.097823,-0.034507,3541
160,150,12,8,-1,0,0.09999999999999754,0,7.244501113891602,8.000181198120117,6.200162887573242,1.0906423330307007,1,0,5,-0.038594,-0.038594,-0.038594,-0.038594,-0.038676,-0.102693,0.097779,-0.034512,3542
161,150,8,4,-1,1,0.09999999999999754,0,7.945160388946533,10.141031265258789,8.126928329467773,0.03303958475589752,1,0,5,-0.038676,-0.038676,-0.038676,-0.038676,-0.038732,-0.102785,0.097739,-0.034516,3543
162,150,4,8,-1,1,0.09999999999999754,1,6.661771774291992,7.816794395446777,6.035114765167236,0.3926990032196045,1,0,5,-0.038732,-0.038732,-0.038732,-0.038732,-0.038783,-0.103041,0.097703,-0.03452,3544
163,150,8,4,-1,0,0.09999999999999754,0,7.773658275604248,9.988299369812012,7.989469528198242,0.04657449573278427,1,0,5,-0.038783,-0.038783,-0.038783,-0.038783,-0.038808,-0.103272,0.097671,-0.034524,3545
164,150,4,0,10,0,0.09999999999999754,0,9.960283279418945,5.656098365783691,10.0,0.001577417948283255,1,0,5,-0.038808,-0.038808,-0.038808,-0.038808,-0.038828,-0.103479,0.097642,-0.034527,3546
